{"cameraMode":{"drawMode":0,"name":"Shaded","section":"Shading Mode"},"sceneLighting":true,"audioPlay":false,"sceneViewState":{"m_AlwaysRefresh":false,"showFog":true,"showSkybox":true,"showFlares":true,"showImageEffects":true,"showParticleSystems":true,"showVisualEffectGraphs":true,"m_FxEnabled":true},"in2DMode":false,"pivot":{"x":21.229421615600587,"y":-2.5369815826416017,"z":13.922447204589844},"rotation":{"x":0.04371987283229828,"y":0.3560907244682312,"z":-0.016680214554071428,"w":0.933292031288147},"size":20.98923110961914,"orthographic":false}