{"cameraMode":{"drawMode":0,"name":"Shaded","section":"Shading Mode"},"sceneLighting":true,"audioPlay":false,"sceneViewState":{"m_AlwaysRefresh":false,"showFog":true,"showSkybox":true,"showFlares":true,"showImageEffects":true,"showParticleSystems":true,"showVisualEffectGraphs":true,"m_FxEnabled":true},"in2DMode":false,"pivot":{"x":2.2316830158233644,"y":-3.1078481674194338,"z":-12.36921501159668},"rotation":{"x":0.015432674437761307,"y":0.971472978591919,"z":-0.22726894915103913,"w":0.06596793234348297},"size":13.125588417053223,"orthographic":false}