{"cameraMode":{"drawMode":0,"name":"Shaded","section":"Shading Mode"},"sceneLighting":true,"audioPlay":false,"sceneViewState":{"m_AlwaysRefresh":false,"showFog":true,"showSkybox":true,"showFlares":true,"showImageEffects":true,"showParticleSystems":true,"showVisualEffectGraphs":true,"m_FxEnabled":true},"in2DMode":false,"pivot":{"x":-1.7626495361328126,"y":-1.2534370422363282,"z":4.577391624450684},"rotation":{"x":0.20132945477962495,"y":-0.16803018748760224,"z":0.03508342057466507,"w":0.964381217956543},"size":6.8852620124816898,"orthographic":false}