{"cameraMode":{"drawMode":0,"name":"Shaded","section":"Shading Mode"},"sceneLighting":true,"audioPlay":false,"sceneViewState":{"m_AlwaysRefresh":false,"showFog":true,"showSkybox":true,"showFlares":true,"showImageEffects":true,"showParticleSystems":true,"showVisualEffectGraphs":true,"m_FxEnabled":true},"in2DMode":false,"pivot":{"x":-0.7629399299621582,"y":1.636319637298584,"z":14.634387969970704},"rotation":{"x":0.0011901846155524254,"y":0.0050969431176781658,"z":0.0000059707940636144489,"w":-0.9999862909317017},"size":11.491308212280274,"orthographic":false}