{"cameraMode":{"drawMode":0,"name":"Shaded","section":"Shading Mode"},"sceneLighting":true,"audioPlay":false,"sceneViewState":{"m_AlwaysRefresh":false,"showFog":true,"showSkybox":true,"showFlares":true,"showImageEffects":true,"showParticleSystems":true,"showVisualEffectGraphs":true,"m_FxEnabled":true},"in2DMode":false,"pivot":{"x":0.6353893280029297,"y":2.165156841278076,"z":-0.34181833267211916},"rotation":{"x":0.25307342410087588,"y":-0.13156700134277345,"z":0.03476885333657265,"w":0.9578420519828796},"size":4.854345798492432,"orthographic":false}