{"cameraMode":{"drawMode":0,"name":"Shaded","section":"Shading Mode"},"sceneLighting":true,"audioPlay":false,"sceneViewState":{"m_AlwaysRefresh":false,"showFog":true,"showSkybox":true,"showFlares":true,"showImageEffects":true,"showParticleSystems":true,"showVisualEffectGraphs":true,"m_FxEnabled":true},"in2DMode":false,"pivot":{"x":-10.431255340576172,"y":5.1186347007751469,"z":-8.865123748779297},"rotation":{"x":0.23295007646083833,"y":0.07430393993854523,"z":-0.01786116138100624,"w":0.9694955348968506},"size":5.0105085372924809,"orthographic":false}