{"cameraMode":{"drawMode":0,"name":"Shaded","section":"Shading Mode"},"sceneLighting":true,"audioPlay":false,"sceneViewState":{"m_AlwaysRefresh":false,"showFog":true,"showSkybox":true,"showFlares":true,"showImageEffects":true,"showParticleSystems":true,"showVisualEffectGraphs":true,"m_FxEnabled":true},"in2DMode":false,"pivot":{"x":-6.704045295715332,"y":-0.6776862144470215,"z":11.964133262634278},"rotation":{"x":0.16450998187065125,"y":0.22565661370754243,"z":-0.038687705993652347,"w":0.959452211856842},"size":8.966402053833008,"orthographic":false}