{"cameraMode":{"drawMode":0,"name":"Shaded","section":"Shading Mode"},"sceneLighting":true,"audioPlay":false,"sceneViewState":{"m_AlwaysRefresh":false,"showFog":true,"showSkybox":true,"showFlares":true,"showImageEffects":true,"showParticleSystems":true,"showVisualEffectGraphs":true,"m_FxEnabled":true},"in2DMode":false,"pivot":{"x":-2.824533462524414,"y":-1.0113346576690674,"z":-9.568183898925782},"rotation":{"x":0.22624312341213227,"y":0.21842771768569947,"z":-0.05213889479637146,"w":0.9478375911712647},"size":7.1749982833862309,"orthographic":false}